"","Player","Team","Season","Position","Base Salary","Guaranteed Compensation","Date"
"","Michael Bradley","TOR","2019","M","$6,000,000","$6,500,000","2019-09-13"
"","Michael Bradley","TOR","2019","M","$6,000,000","$6,428,571","2019-06-01"
"","Carlos Vela","LAFC","2019","M","$4,500,000","$6,300,000","2019-06-01"
"","Carlos Vela","LAFC","2019","M","$4,500,000","$6,300,000","2019-09-13"
"","Bastian Schweinsteiger","CHI","2019","M","$5,600,000","$5,600,000","2019-09-13"
"","Bastian Schweinsteiger","CHI","2019","M","$5,600,000","$5,600,000","2019-06-01"
"","Ignacio Piatti","MTL","2019","M","$530,000","$4,443,333","2019-09-13"
"","Ignacio Piatti","MTL","2019","M","$530,000","$4,443,333","2019-06-01"
"","Alejandro Pozuelo","TOR","2019","M","$3,800,000","$3,800,000","2019-09-13"
"","Alejandro Pozuelo","TOR","2019","M","$3,800,000","$3,800,000","2019-06-01"
"","Sebastián Blanco","POR","2019","M","$2,740,008","$2,853,341","2019-09-13"
"","Nicolás Lodeiro","SEA","2019","M","$2,000,000","$2,502,500","2019-09-13"
"","Nicolás Lodeiro","SEA","2019","M","$2,000,000","$2,502,500","2019-06-01"
"","Nani","ORL","2019","M","$2,333,333","$2,486,250","2019-06-01"
"","Nani","ORL","2019","M","$2,333,333","$2,486,250","2019-09-13"
"","Diego Valeri","POR","2019","M","$2,320,000","$2,420,000","2019-06-01"
"","Diego Valeri","POR","2019","M","$2,320,000","$2,420,000","2019-09-13"
"","Carles Gil","NER","2019","M","$2,100,000","$2,337,500","2019-06-01"
"","Carles Gil","NER","2019","M","$2,100,000","$2,337,500","2019-09-13"
"","Marco Fabián","PHI","2019","M","$2,000,727","$2,274,087","2019-09-13"
"","Marco Fabián","PHI","2019","M","$2,000,727","$2,274,087","2019-06-01"
"","Nicolás Gaitán","CHI","2019","M","$1,400,004","$2,197,504","2019-06-01"
"","Nicolás Gaitán","CHI","2019","M","$1,400,004","$2,197,504","2019-09-13"
"","Albert Rusnák","RSL","2019","M","$1,800,000","$2,001,667","2019-06-01"
"","Albert Rusnák","RSL","2019","M","$1,800,000","$2,001,667","2019-09-13"
"","Maximiliano Moralez","NYC","2019","M","$2,000,000","$2,000,000","2019-09-13"
"","Jonathan dos Santos","LAG","2019","M","$2,000,000","$2,000,000","2019-09-13"
"","Maximiliano Moralez","NYC","2019","M","$2,000,000","$2,000,000","2019-06-01"
"","Jonathan dos Santos","LAG","2019","M","$2,000,000","$2,000,000","2019-06-01"
"","Romain Alessandrini","LAG","2019","M","$1,610,004","$1,940,004","2019-09-13"
"","Romain Alessandrini","LAG","2019","M","$1,539,996","$1,869,996","2019-06-01"
"","Darwin Quintero","MIN","2019","M","$1,750,000","$1,750,000","2019-09-13"
"","Darwin Quintero","MIN","2019","M","$1,750,000","$1,750,000","2019-06-01"
"","Johnny Russell","SKC","2019","M","$1,700,000","$1,700,000","2019-06-01"
"","Felipe Gutiérrez","SKC","2019","M","$1,600,000","$1,650,000","2019-06-01"
"","Felipe Gutiérrez","SKC","2019","M","$1,600,000","$1,650,000","2019-09-13"
"","Valeri Qazaishvili","SJE","2019","M","$1,475,004","$1,604,042","2019-09-13"
"","Valeri Qazaishvili","SJE","2019","M","$1,475,004","$1,604,042","2019-06-01"
"","Kenny Saief","CIN","2019","M","$1,233,000","$1,511,767","2019-06-01"
"","Johnny Russell","SKC","2019","M","$1,450,000","$1,450,000","2019-09-13"
"","Ezequiel Barco","ATL","2019","M","$1,425,000","$1,425,000","2019-06-01"
"","Ezequiel Barco","ATL","2019","M","$1,425,000","$1,425,000","2019-09-13"
"","Saphir Taïder","MTL","2019","M","$1,400,000","$1,400,000","2019-09-13"
"","Saphir Taïder","MTL","2019","M","$1,400,000","$1,400,000","2019-06-01"
"","Aleksandar Katai","CHI","2019","M","$1,260,000","$1,380,333","2019-09-13"
"","Aleksandar Katai","CHI","2019","M","$1,260,000","$1,380,333","2019-06-01"
"","Sebastián Blanco","POR","2019","M","$1,300,008","$1,375,008","2019-06-01"
"","André Horta","LAFC","2019","M","$1,200,000","$1,277,500","2019-06-01"
"","Brian Fernández","POR","2019","M","$1,200,000","$1,275,800","2019-06-01"
"","Brian Fernández","POR","2019","M","$1,200,000","$1,275,800","2019-09-13"
"","Alejandro Bedoya","PHI","2019","M","$1,200,000","$1,266,250","2019-06-01"
"","Alejandro Bedoya","PHI","2019","M","$1,200,000","$1,266,250","2019-09-13"
"","David Accam","CLB","2019","M","$1,010,004","$1,137,920","2019-06-01"
"","David Accam","CLB","2019","M","$1,010,004","$1,137,920","2019-09-13"
"","Federico Higuaín","CLB","2019","M","$1,100,000","$1,100,000","2019-09-13"
"","Sacha Kljestan","ORL","2019","M","$1,025,000","$1,100,000","2019-09-13"
"","Federico Higuaín","CLB","2019","M","$1,100,000","$1,100,000","2019-06-01"
"","Sacha Kljestan","ORL","2019","M","$1,025,000","$1,100,000","2019-06-01"
"","Víctor Rodríguez","SEA","2019","M","$1,000,000","$1,087,500","2019-06-01"
"","Víctor Rodríguez","SEA","2019","M","$1,000,000","$1,087,500","2019-09-13"
"","Damir Kreilach","RSL","2019","M","$968,769","$1,082,102","2019-06-01"
"","Damir Kreilach","RSL","2019","M","$968,769","$1,082,102","2019-09-13"
"","Mauricio Pereyra","ORL","2019","M","$960,000","$1,078,000","2019-09-13"
"","Diego Rossi","LAFC","2019","M","$1,000,000","$1,052,000","2019-09-13"
"","Diego Rossi","LAFC","2019","M","$1,000,000","$1,052,000","2019-06-01"
"","Robin Lod","MIN","2019","M","$849,996","$952,496","2019-09-13"
"","Alexander Ring","NYC","2019","M","$850,000","$945,000","2019-06-01"
"","Alexander Ring","NYC","2019","M","$850,000","$945,000","2019-09-13"
"","Pity Martínez","ATL","2019","M","$900,000","$900,000","2019-06-01"
"","Pity Martínez","ATL","2019","M","$900,000","$900,000","2019-09-13"
"","Jan Gregus","MIN","2019","M","$750,000","$883,500","2019-06-01"
"","Jan Gregus","MIN","2019","M","$750,000","$883,500","2019-09-13"
"","Jesús Medina","NYC","2019","M","$750,000","$870,833","2019-09-13"
"","Jesús Medina","NYC","2019","M","$750,000","$870,833","2019-06-01"
"","Pedro Santos","CLB","2019","M","$817,560","$864,560","2019-06-01"
"","Pedro Santos","CLB","2019","M","$817,560","$864,560","2019-09-13"
"","Joao Plata","RSL","2019","M","$725,004","$856,254","2019-06-01"
"","Joao Plata","RSL","2019","M","$725,004","$856,254","2019-09-13"
"","Héctor Villalba","ATL","2019","M","$722,500","$830,250","2019-06-01"
"","Héctor Villalba","ATL","2019","M","$722,500","$830,250","2019-09-13"
"","Roland Lamah","CIN","2019","M","$750,000","$806,250","2019-06-01"
"","Roland Lamah","CIN","2019","M","$750,000","$806,250","2019-09-13"
"","Roger Espinoza","SKC","2019","M","$800,000","$800,000","2019-09-13"
"","Roger Espinoza","SKC","2019","M","$800,000","$800,000","2019-06-01"
"","Alejandro Romero Gamarra","NYRB","2019","M","$800,000","$800,000","2019-06-01"
"","Alejandro Romero Gamarra","NYRB","2019","M","$800,000","$800,000","2019-09-13"
"","Emanuel Cecchini","SEA","2019","M","$648,000","$789,000","2019-09-13"
"","Zoltán Stieber","DCU","2019","M","$787,500","$787,500","2019-06-01"
"","Jonathan Osorio","TOR","2019","M","$750,000","$776,250","2019-06-01"
"","Jonathan Osorio","TOR","2019","M","$750,000","$776,250","2019-09-13"
"","Daniel Royer","NYRB","2019","M","$700,000","$768,750","2019-06-01"
"","Daniel Royer","NYRB","2019","M","$700,000","$768,750","2019-09-13"
"","Jon Erice","VAN","2019","M","$654,546","$752,364","2019-06-01"
"","Jon Erice","VAN","2019","M","$654,546","$752,364","2019-09-13"
"","Yohan Croizet","SKC","2019","M","$700,008","$730,008","2019-06-01"
"","Edwin Gyasi","FCD","2019","M","$570,000","$719,225","2019-09-13"
"","Carlos Fierro","SJE","2019","M","$660,000","$718,800","2019-09-13"
"","Josh Sims","NYRB","2019","M","$695,968","$710,468","2019-09-13"
"","Paul Arriola","DCU","2019","M","$675,000","$707,000","2019-06-01"
"","Paul Arriola","DCU","2019","M","$675,000","$707,000","2019-09-13"
"","Luciano Acosta","DCU","2019","M","$600,000","$702,000","2019-06-01"
"","Luciano Acosta","DCU","2019","M","$600,000","$702,000","2019-09-13"
"","Dax McCarty","CHI","2019","M","$700,000","$700,000","2019-09-13"
"","Dax McCarty","CHI","2019","M","$700,000","$700,000","2019-06-01"
"","Justin Meram","ATL","2019","M","$650,004","$678,754","2019-06-01"
"","Justin Meram","ATL","2019","M","$650,004","$678,754","2019-09-13"
"","Jamiro Monteiro","PHI","2019","M","$618,000","$671,200","2019-09-13"
"","Darlington Nagbe","ATL","2019","M","$665,500","$665,500","2019-06-01"
"","Darlington Nagbe","ATL","2019","M","$665,500","$665,500","2019-09-13"
"","Przemyslaw Frankowski","CHI","2019","M","$450,000","$661,688","2019-06-01"
"","Przemyslaw Frankowski","CHI","2019","M","$450,000","$661,688","2019-09-13"
"","Hwang In-Beom","VAN","2019","M","$600,000","$655,000","2019-06-01"
"","Hwang In-Beom","VAN","2019","M","$600,000","$655,000","2019-09-13"
"","Alberth Elis","HOU","2019","M","$650,340","$650,340","2019-06-01"
"","Alberth Elis","HOU","2019","M","$650,340","$650,340","2019-09-13"
"","Bryan Acosta","FCD","2019","M","$600,000","$650,000","2019-06-01"
"","Bryan Acosta","FCD","2019","M","$600,000","$650,000","2019-09-13"
"","Harry Novillo","MTL","2019","M","$550,000","$616,667","2019-06-01"
"","Cristian Higuita","ORL","2019","M","$474,996","$611,663","2019-06-01"
"","Cristian Higuita","ORL","2019","M","$474,996","$611,663","2019-09-13"
"","Juan Agudelo","NER","2019","M","$575,000","$605,000","2019-06-01"
"","Lucas Venuto","VAN","2019","M","$550,000","$600,000","2019-06-01"
"","Nicolas Benezet","TOR","2019","M","$600,000","$600,000","2019-09-13"
"","Cristian Roldan","SEA","2019","M","$460,000","$596,542","2019-06-01"
"","Cristian Roldan","SEA","2019","M","$460,000","$596,542","2019-09-13"
"","Haris Medunjanin","PHI","2019","M","$550,008","$595,008","2019-06-01"
"","Haris Medunjanin","PHI","2019","M","$550,008","$595,008","2019-09-13"
"","Wil Trapp","CLB","2019","M","$549,996","$593,746","2019-06-01"
"","Wil Trapp","CLB","2019","M","$549,996","$593,746","2019-09-13"
"","Santiago Mosquera","FCD","2019","M","$500,000","$591,400","2019-09-13"
"","Santiago Mosquera","FCD","2019","M","$500,000","$591,400","2019-06-01"
"","Favio Álvarez","LAG","2019","M","$525,000","$586,250","2019-06-01"
"","Favio Álvarez","LAG","2019","M","$525,000","$586,250","2019-09-13"
"","Wilfried Zahibo","NER","2019","M","$513,000","$583,000","2019-06-01"
"","Wilfried Zahibo","NER","2019","M","$513,000","$583,000","2019-09-13"
"","Joe Corona","LAG","2019","M","$550,000","$578,500","2019-09-13"
"","Diego Chara","POR","2019","M","$550,000","$572,000","2019-06-01"
"","Jamiro Monteiro","PHI","2019","M","$516,000","$569,200","2019-06-01"
"","Diego Chara","POR","2019","M","$550,000","$568,750","2019-09-13"
"","Romell Quioto","HOU","2019","M","$506,668","$556,501","2019-09-13"
"","Romell Quioto","HOU","2019","M","$506,668","$556,501","2019-06-01"
"","Gerso","SKC","2019","M","$550,008","$550,008","2019-06-01"
"","Gerso","SKC","2019","M","$550,008","$550,008","2019-09-13"
"","Cristian Penilla","NER","2019","M","$500,000","$550,000","2019-09-13"
"","Cristian Espinoza","SJE","2019","M","$500,000","$550,000","2019-09-13"
"","Cristian Penilla","NER","2019","M","$500,000","$550,000","2019-06-01"
"","Joe Corona","LAG","2019","M","$550,000","$550,000","2019-06-01"
"","Cristian Espinoza","SJE","2019","M","$500,000","$550,000","2019-06-01"
"","Kevin Molino","MIN","2019","M","$500,004","$546,254","2019-06-01"
"","Kevin Molino","MIN","2019","M","$500,004","$546,254","2019-09-13"
"","Romario Ibarra","MIN","2019","M","$500,000","$546,250","2019-09-13"
"","Romario Ibarra","MIN","2019","M","$500,000","$546,250","2019-06-01"
"","Youness Mokhtar","CLB","2019","M","$459,996","$533,845","2019-09-13"
"","Lee Nguyen","LAFC","2019","M","$525,000","$530,000","2019-06-01"
"","Lee Nguyen","LAFC","2019","M","$525,000","$530,000","2019-09-13"
"","Joevin Jones","SEA","2019","M","$482,004","$528,671","2019-09-13"
"","Tomás Martínez","HOU","2019","M","$335,004","$517,929","2019-09-13"
"","Felipe","DCU","2019","M","$500,000","$500,000","2019-09-13"
"","Alexandru Mitrita","NYC","2019","M","$500,000","$500,000","2019-09-13"
"","Michael Barrios","FCD","2019","M","$500,000","$500,000","2019-09-13"
"","Felipe","VAN","2019","M","$500,000","$500,000","2019-06-01"
"","Alexandru Mitrita","NYC","2019","M","$500,000","$500,000","2019-06-01"
"","Michael Barrios","FCD","2019","M","$500,000","$500,000","2019-06-01"
"","Jefferson Savarino","RSL","2019","M","$475,008","$498,696","2019-06-01"
"","Jefferson Savarino","RSL","2019","M","$475,008","$498,696","2019-09-13"
"","Aníbal Godoy","SJE","2019","M","$450,000","$498,125","2019-06-01"
"","Leonardo Bertone","CIN","2019","M","$450,000","$496,667","2019-06-01"
"","Leonardo Bertone","CIN","2019","M","$450,000","$496,667","2019-09-13"
"","Will Johnson","ORL","2019","M","$455,004","$491,004","2019-06-01"
"","Will Johnson","ORL","2019","M","$455,004","$491,004","2019-09-13"
"","Pablo Aránguiz","FCD","2019","M","$406,667","$466,667","2019-06-01"
"","Pablo Aránguiz","FCD","2019","M","$406,667","$466,667","2019-09-13"
"","Benny Feilhaber","SKC","2019","M","$413,400","$463,400","2019-06-01"
"","Benny Feilhaber","SKC","2019","M","$413,400","$463,400","2019-09-13"
"","Magnus Eriksson","SJE","2019","M","$450,000","$450,000","2019-06-01"
"","Josué Colmán","ORL","2019","M","$450,000","$450,000","2019-06-01"
"","Magnus Eriksson","SJE","2019","M","$450,000","$450,000","2019-09-13"
"","Josué Colmán","ORL","2019","M","$450,000","$450,000","2019-09-13"
"","Jack Price","COL","2019","M","$430,000","$437,500","2019-06-01"
"","Jack Price","COL","2019","M","$430,000","$437,500","2019-09-13"
"","Uriel Antuna","LAG","2019","M","$420,000","$420,000","2019-06-01"
"","Uriel Antuna","LAG","2019","M","$420,000","$420,000","2019-09-13"
"","Ethan Finlay","MIN","2019","M","$400,008","$400,008","2019-06-01"
"","Ethan Finlay","MIN","2019","M","$400,008","$400,008","2019-09-13"
"","Michaell Chirinos","VAN","2019","M","$360,000","$396,875","2019-09-13"
"","Tomás Conechny","POR","2019","M","$396,000","$396,000","2019-09-13"
"","Kekuta Manneh","CIN","2019","M","$375,000","$391,667","2019-06-01"
"","Kekuta Manneh","CIN","2019","M","$375,000","$391,667","2019-09-13"
"","Bismark Boateng","COL","2019","M","$350,004","$391,250","2019-06-01"
"","Tomás Martínez","HOU","2019","M","$335,004","$386,804","2019-06-01"
"","Ismael Tajouri-Shradi","NYC","2019","M","$350,000","$380,500","2019-09-13"
"","Ismael Tajouri-Shradi","NYC","2019","M","$350,000","$380,500","2019-06-01"
"","Rodney Wallace","SKC","2019","M","$360,000","$360,000","2019-09-13"
"","Emerson Hyndman","ATL","2019","M","$360,000","$360,000","2019-09-13"
"","Ilsinho","PHI","2019","M","$330,000","$357,000","2019-06-01"
"","Ilsinho","PHI","2019","M","$330,000","$357,000","2019-09-13"
"","Miguel Ibarra","MIN","2019","M","$309,996","$342,318","2019-06-01"
"","Miguel Ibarra","MIN","2019","M","$309,996","$342,318","2019-09-13"
"","Sam Nicholson","COL","2019","M","$300,000","$342,073","2019-09-13"
"","Marc Rzatkowski","NYRB","2019","M","$300,000","$341,667","2019-06-01"
"","Marc Rzatkowski","NYRB","2019","M","$300,000","$341,667","2019-09-13"
"","Thomás Chacón","MIN","2019","M","$325,000","$337,000","2019-09-13"
"","Luis Díaz","CLB","2019","M","$300,000","$333,900","2019-09-13"
"","Allan Cruz","CIN","2019","M","$300,000","$333,125","2019-06-01"
"","Allan Cruz","CIN","2019","M","$300,000","$333,125","2019-09-13"
"","Andreas Ivan","NYRB","2019","M","$264,000","$330,600","2019-06-01"
"","Sean Davis","NYRB","2019","M","$300,000","$327,500","2019-06-01"
"","Sean Davis","NYRB","2019","M","$300,000","$327,500","2019-09-13"
"","Kelyn Rowe","SKC","2019","M","$261,400","$326,400","2019-06-01"
"","Kelyn Rowe","RSL","2019","M","$261,400","$326,400","2019-09-13"
"","Sam Nicholson","COL","2019","M","$300,000","$313,000","2019-06-01"
"","Sebastian Lletget","LAG","2019","M","$300,000","$312,667","2019-06-01"
"","Sebastian Lletget","LAG","2019","M","$300,000","$312,667","2019-09-13"
"","Erickson Gallardo","TOR","2019","M","$275,004","$306,917","2019-09-13"
"","Lassi Lappalainen","MTL","2019","M","$302,574","$302,574","2019-09-13"
"","Rasmus Schüller","MIN","2019","M","$275,004","$300,004","2019-06-01"
"","Rasmus Schüller","MIN","2019","M","$275,004","$300,004","2019-09-13"
"","Lucas Rodríguez","DCU","2019","M","$262,000","$298,550","2019-06-01"
"","Lucas Rodríguez","DCU","2019","M","$262,000","$298,550","2019-09-13"
"","Cristhian Paredes","POR","2019","M","$252,000","$283,500","2019-06-01"
"","Cristhian Paredes","POR","2019","M","$252,000","$283,500","2019-09-13"
"","Emmanuel Ledesma","CIN","2019","M","$250,000","$280,833","2019-09-13"
"","Emmanuel Ledesma","CIN","2019","M","$250,000","$280,833","2019-06-01"
"","Gary Mackay-Steven","NYC","2019","M","$260,000","$274,833","2019-09-13"
"","Valentín Castellanos","NYC","2019","M","$250,000","$274,806","2019-09-13"
"","Valentín Castellanos","NYC","2019","M","$250,000","$274,806","2019-06-01"
"","Teal Bunbury","NER","2019","M","$225,750","$270,750","2019-06-01"
"","Eric Alexander","CIN","2019","M","$270,000","$270,000","2019-06-01"
"","Eric Alexander","FCD","2019","M","$270,000","$270,000","2019-09-13"
"","João Pedro","LAG","2019","M","$240,000","$261,000","2019-06-01"
"","João Pedro","LAG","2019","M","$240,000","$261,000","2019-09-13"
"","Ola Kamara","DCU","2019","M","$240,000","$260,000","2019-09-13"
"","Marco Delgado","TOR","2019","M","$253,000","$253,000","2019-06-01"
"","Marco Delgado","TOR","2019","M","$253,000","$253,000","2019-09-13"
"","Johan Blomberg","COL","2019","M","$250,962","$250,962","2019-06-01"
"","Johan Blomberg","COL","2019","M","$250,962","$250,962","2019-09-13"
"","Shea Salinas","SJE","2019","M","$250,000","$250,000","2019-09-13"
"","Russell Canouse","DCU","2019","M","$247,500","$247,500","2019-06-01"
"","Russell Canouse","DCU","2019","M","$247,500","$247,500","2019-09-13"
"","Jordan Allen","RSL","2019","M","$238,000","$238,000","2019-06-01"
"","Jordan Allen","RSL","2019","M","$238,000","$238,000","2019-09-13"
"","Harry Shipp","SEA","2019","M","$235,000","$235,000","2019-06-01"
"","Harry Shipp","SEA","2019","M","$235,000","$235,000","2019-09-13"
"","Jeisson Vargas","MTL","2019","M","$225,000","$225,000","2019-06-01"
"","Jeisson Vargas","MTL","2019","M","$225,000","$225,000","2019-09-13"
"","Kevin Kratz","ATL","2019","M","$210,000","$222,750","2019-06-01"
"","Kevin Kratz","ATL","2019","M","$210,000","$222,750","2019-09-13"
"","Pablo Ruiz","RSL","2019","M","$200,004","$221,004","2019-06-01"
"","Pablo Ruiz","RSL","2019","M","$200,004","$221,004","2019-09-13"
"","Orji Okwonkwo","MTL","2019","M","$200,000","$220,000","2019-09-13"
"","Orji Okwonkwo","MTL","2019","M","$200,000","$220,000","2019-06-01"
"","Dairon Asprilla","POR","2019","M","$200,000","$213,750","2019-09-13"
"","Dairon Asprilla","POR","2019","M","$200,000","$213,750","2019-06-01"
"","Brandon Servania","FCD","2019","M","$160,000","$211,000","2019-09-13"
"","Brandon Servania","FCD","2019","M","$160,000","$211,000","2019-06-01"
"","Robinho","ORL","2019","M","$198,000","$205,500","2019-09-13"
"","Diego Fagundez","NER","2019","M","$185,000","$205,000","2019-09-13"
"","Diego Fagundez","NER","2019","M","$185,000","$205,000","2019-06-01"
"","Dillon Powers","ORL","2019","M","$200,000","$200,000","2019-09-13"
"","Dillon Powers","ORL","2019","M","$200,000","$200,000","2019-06-01"
"","Robinho","CLB","2019","M","$198,000","$198,000","2019-06-01"
"","Ema Twumasi","FCD","2019","M","$150,000","$196,900","2019-06-01"
"","Ema Twumasi","FCD","2019","M","$150,000","$196,900","2019-09-13"
"","Andy Rose","VAN","2019","M","$192,500","$192,500","2019-09-13"
"","Andy Rose","VAN","2019","M","$192,500","$192,500","2019-06-01"
"","Jackson Yueill","SJE","2019","M","$145,000","$190,000","2019-09-13"
"","Chris Pontius","LAG","2019","M","$190,000","$190,000","2019-06-01"
"","Jackson Yueill","SJE","2019","M","$145,000","$190,000","2019-06-01"
"","Chris Pontius","LAG","2019","M","$190,000","$190,000","2019-09-13"
"","Emmanuel Boateng","DCU","2019","M","$185,000","$185,000","2019-09-13"
"","Emmanuel Boateng","LAG","2019","M","$185,000","$185,000","2019-06-01"
"","Ulises Segura","DCU","2019","M","$170,000","$184,250","2019-09-13"
"","Nicolas Hasler","SKC","2019","M","$168,000","$183,667","2019-06-01"
"","Nicolas Hasler","SKC","2019","M","$168,000","$183,667","2019-09-13"
"","Boniek García","HOU","2019","M","$168,000","$183,000","2019-06-01"
"","Boniek García","HOU","2019","M","$168,000","$183,000","2019-09-13"
"","Francis Atuahene","FCD","2019","M","$135,000","$179,000","2019-06-01"
"","Francis Atuahene","FCD","2019","M","$135,000","$179,000","2019-09-13"
"","Mark-Anthony Kaye","LAFC","2019","M","$166,248","$177,811","2019-06-01"
"","Mark-Anthony Kaye","LAFC","2019","M","$166,248","$177,811","2019-09-13"
"","Nick DeLeon","TOR","2019","M","$159,528","$175,270","2019-06-01"
"","Fafa Picault","PHI","2019","M","$160,000","$173,667","2019-06-01"
"","Fafa Picault","PHI","2019","M","$160,000","$173,667","2019-09-13"
"","Frankie Amaya","CIN","2019","M","$110,000","$172,000","2019-09-13"
"","Frankie Amaya","CIN","2019","M","$110,000","$172,000","2019-06-01"
"","Matías Pellegrini","MIA","2019","M","$75,000","$170,833","2019-09-13"
"","Ulises Segura","DCU","2019","M","$170,000","$170,000","2019-06-01"
"","Joe Gyau","CIN","2019","M","$148,200","$168,640","2019-09-13"
"","Tommy McNamara","HOU","2019","M","$165,000","$165,000","2019-06-01"
"","Tommy McNamara","HOU","2019","M","$165,000","$165,000","2019-09-13"
"","Juninho Pereira","LAG","2019","M","$150,000","$163,125","2019-06-01"
"","Juninho Pereira","LAG","2019","M","$150,000","$163,125","2019-09-13"
"","Ricardo Clark","CLB","2019","M","$160,000","$160,000","2019-06-01"
"","Ricardo Clark","CLB","2019","M","$160,000","$160,000","2019-09-13"
"","Jimmy Medranda","SKC","2019","M","$155,004","$155,004","2019-06-01"
"","Marlon Hairston","HOU","2019","M","$155,004","$155,004","2019-06-01"
"","Marlon Hairston","HOU","2019","M","$155,004","$155,004","2019-09-13"
"","Luke Mulholland","RSL","2019","M","$155,000","$155,000","2019-09-13"
"","Luke Mulholland","RSL","2019","M","$155,000","$155,000","2019-06-01"
"","Scott Caldwell","NER","2019","M","$142,313","$153,209","2019-06-01"
"","Scott Caldwell","NER","2019","M","$142,313","$153,209","2019-09-13"
"","Andy Polo","POR","2019","M","$150,000","$150,000","2019-06-01"
"","Andy Polo","POR","2019","M","$150,000","$150,000","2019-09-13"
"","Dániel Sallói","SKC","2019","M","$130,000","$144,125","2019-06-01"
"","Dániel Sallói","SKC","2019","M","$130,000","$139,625","2019-09-13"
"","Jay Chapman","TOR","2019","M","$120,000","$138,500","2019-06-01"
"","Jay Chapman","TOR","2019","M","$120,000","$138,500","2019-09-13"
"","Thomas Roberts","FCD","2019","M","$110,000","$138,000","2019-06-01"
"","Thomas Roberts","FCD","2019","M","$110,000","$138,000","2019-09-13"
"","Jonathan Lewis","COL","2019","M","$100,000","$137,500","2019-09-13"
"","Eryk Williamson","POR","2019","M","$120,000","$136,500","2019-06-01"
"","Eryk Williamson","POR","2019","M","$120,000","$136,500","2019-09-13"
"","Eric Calvillo","SJE","2019","M","$120,000","$136,500","2019-09-13"
"","Fabian Herbers","CHI","2019","M","$135,000","$135,000","2019-06-01"
"","Mo Adams","CHI","2019","M","$100,000","$135,000","2019-06-01"
"","Eric Calvillo","SJE","2019","M","$120,000","$135,000","2019-06-01"
"","Fabian Herbers","CHI","2019","M","$135,000","$135,000","2019-09-13"
"","Mo Adams","ATL","2019","M","$100,000","$135,000","2019-09-13"
"","Griffin Dorsey","TOR","2019","M","$90,000","$134,000","2019-06-01"
"","Griffin Dorsey","TOR","2019","M","$90,000","$134,000","2019-09-13"
"","Julian Gressel","ATL","2019","M","$114,250","$133,000","2019-06-01"
"","Julian Gressel","ATL","2019","M","$114,250","$133,000","2019-09-13"
"","Alex Muyl","NYRB","2019","M","$123,750","$127,750","2019-06-01"
"","Alex Muyl","NYRB","2019","M","$123,750","$127,750","2019-09-13"
"","Tajon Buchanan","NER","2019","M","$90,000","$126,000","2019-06-01"
"","Tajon Buchanan","NER","2019","M","$90,000","$126,000","2019-09-13"
"","Sebastián Saucedo","RSL","2019","M","$112,500","$123,000","2019-06-01"
"","Sebastián Saucedo","RSL","2019","M","$112,500","$123,000","2019-09-13"
"","Jonathan Lewis","COL","2019","M","$100,000","$121,000","2019-06-01"
"","Jack De Vries","PHI","2019","M","$90,000","$120,556","2019-09-13"
"","Eduardo Sosa","CLB","2019","M","$100,000","$120,200","2019-06-01"
"","Eduardo Sosa","CLB","2019","M","$100,000","$120,200","2019-09-13"
"","Shamit Shome","MTL","2019","M","$100,000","$120,000","2019-09-13"
"","Dillon Serna","COL","2019","M","$120,000","$120,000","2019-06-01"
"","Dillon Serna","COL","2019","M","$120,000","$120,000","2019-09-13"
"","Shamit Shome","MTL","2019","M","$100,000","$119,000","2019-06-01"
"","Cristian Cásseres Jr","NYRB","2019","M","$80,000","$118,750","2019-06-01"
"","Cristian Cásseres Jr","NYRB","2019","M","$80,000","$118,750","2019-09-13"
"","Djordje Mihailovic","CHI","2019","M","$111,000","$114,600","2019-09-13"
"","Djordje Mihailovic","CHI","2019","M","$111,000","$111,000","2019-06-01"
"","Latif Blessing","LAFC","2019","M","$93,750","$110,417","2019-09-13"
"","Chris Mueller","ORL","2019","M","$95,625","$109,375","2019-06-01"
"","Chris Mueller","ORL","2019","M","$95,625","$109,375","2019-09-13"
"","Collin Martin","MIN","2019","M","$105,000","$105,000","2019-06-01"
"","Paxton Pomykal","FCD","2019","M","$100,000","$105,000","2019-06-01"
"","Collin Martin","MIN","2019","M","$105,000","$105,000","2019-09-13"
"","Paxton Pomykal","FCD","2019","M","$100,000","$105,000","2019-09-13"
"","Siad Haji","SJE","2019","M","$75,000","$104,000","2019-06-01"
"","Siad Haji","SJE","2019","M","$75,000","$104,000","2019-09-13"
"","Latif Blessing","LAFC","2019","M","$93,750","$103,125","2019-06-01"
"","Lass Bangoura","VAN","2019","M","$100,000","$100,000","2019-06-01"
"","Lass Bangoura","VAN","2019","M","$100,000","$100,000","2019-09-13"
"","Matt Hundley","COL","2019","M","$65,000","$99,000","2019-09-13"
"","Brenden Aaronson","PHI","2019","M","$70,000","$98,309","2019-09-13"
"","Matt Hundley","COL","2019","M","$65,000","$98,000","2019-06-01"
"","Andrew Carleton","ATL","2019","M","$85,000","$97,400","2019-06-01"
"","Andrew Carleton","ATL","2019","M","$85,000","$97,400","2019-09-13"
"","Brenden Aaronson","PHI","2019","M","$67,500","$95,809","2019-06-01"
"","Omir Fernandez","NYRB","2019","M","$80,000","$95,000","2019-09-13"
"","Omir Fernandez","NYRB","2019","M","$80,000","$95,000","2019-06-01"
"","Gianluca Busio","SKC","2019","M","$90,000","$92,500","2019-09-13"
"","Gilbert Fuentes","SJE","2019","M","$80,000","$92,000","2019-09-13"
"","Gilbert Fuentes","SJE","2019","M","$80,000","$92,000","2019-06-01"
"","Brandt Bronico","CHI","2019","M","$85,000","$90,625","2019-06-01"
"","Brandt Bronico","CHI","2019","M","$85,000","$90,625","2019-09-13"
"","Chris Goslin","ATL","2019","M","$90,000","$90,000","2019-06-01"
"","Gianluca Busio","SKC","2019","M","$90,000","$90,000","2019-06-01"
"","Chris Goslin","ATL","2019","M","$90,000","$90,000","2019-09-13"
"","Omar Browne","MTL","2019","M","$70,250","$89,781","2019-06-01"
"","Cristian Martínez","CHI","2019","M","$80,000","$88,407","2019-06-01"
"","Cristian Martínez","CHI","2019","M","$80,000","$88,407","2019-09-13"
"","Zachary Herivaux","NER","2019","M","$72,352","$87,352","2019-06-01"
"","Zachary Herivaux","NER","2019","M","$72,352","$87,352","2019-09-13"
"","Mathieu Choinière","MTL","2019","M","$80,000","$86,390","2019-09-13"
"","Mathieu Choinière","MTL","2019","M","$80,000","$86,390","2019-06-01"
"","Nick Besler","RSL","2019","M","$85,000","$85,000","2019-06-01"
"","Nick Besler","RSL","2019","M","$85,000","$85,000","2019-09-13"
"","Juan Pablo Torres","NYC","2019","M","$70,250","$84,750","2019-09-13"
"","Juan Pablo Torres","NYC","2019","M","$70,250","$84,750","2019-06-01"
"","Cole Bassett","COL","2019","M","$75,000","$84,000","2019-06-01"
"","Cole Bassett","COL","2019","M","$75,000","$84,000","2019-09-13"
"","Memo Rodríguez","HOU","2019","M","$70,250","$82,750","2019-09-13"
"","Memo Rodríguez","HOU","2019","M","$70,250","$82,750","2019-06-01"
"","Derrick Etienne","NYRB","2019","M","$77,063","$82,063","2019-06-01"
"","Derrick Etienne","CIN","2019","M","$77,063","$82,063","2019-09-13"
"","Shaft Brewer","LAFC","2019","M","$80,000","$81,667","2019-06-01"
"","Simon Colyn","VAN","2019","M","$56,250","$81,250","2019-06-01"
"","Simon Colyn","VAN","2019","M","$56,250","$81,250","2019-09-13"
"","Derrick Jones","PHI","2019","M","$75,000","$80,900","2019-06-01"
"","Derrick Jones","PHI","2019","M","$75,000","$80,900","2019-09-13"
"","Niko Hansen","CLB","2019","M","$71,663","$79,163","2019-06-01"
"","Jacori Hayes","FCD","2019","M","$71,663","$79,163","2019-06-01"
"","Niko Hansen","HOU","2019","M","$71,663","$79,163","2019-09-13"
"","Jacori Hayes","FCD","2019","M","$71,663","$79,163","2019-09-13"
"","Anthony Fontana","PHI","2019","M","$70,260","$78,678","2019-09-13"
"","Gedion Zelalem","SKC","2019","M","$56,250","$77,917","2019-06-01"
"","Gedion Zelalem","SKC","2019","M","$56,250","$77,917","2019-09-13"
"","Jean-Christophe Koffi","NYRB","2019","M","$70,250","$76,031","2019-09-13"
"","Jean-Christophe Koffi","NYRB","2019","M","$70,250","$76,031","2019-06-01"
"","Josh Pérez","LAFC","2019","M","$76,000","$76,000","2019-06-01"
"","Josh Pérez","LAFC","2019","M","$76,000","$76,000","2019-09-13"
"","Efrain Álvarez","LAG","2019","M","$70,872","$75,606","2019-06-01"
"","Efrain Álvarez","LAG","2019","M","$70,872","$75,606","2019-09-13"
"","Tsubasa Endoh","TOR","2019","M","$70,250","$75,583","2019-09-13"
"","Isaac Angking","NER","2019","M","$70,250","$75,250","2019-09-13"
"","Isaac Angking","NER","2019","M","$70,250","$75,250","2019-06-01"
"","Marcus Epps","NYRB","2019","M","$70,250","$74,542","2019-06-01"
"","Marcus Epps","NYRB","2019","M","$70,250","$74,542","2019-09-13"
"","Florian Valot","NYRB","2019","M","$70,872","$74,508","2019-09-13"
"","Florian Valot","NYRB","2019","M","$70,872","$74,508","2019-06-01"
"","Tsubasa Endoh","TOR","2019","M","$70,250","$74,250","2019-06-01"
"","Nicolas Firmino","NER","2019","M","$70,250","$73,917","2019-09-13"
"","Vincent Bezecourt","NYRB","2019","M","$70,875","$73,296","2019-06-01"
"","Vincent Bezecourt","NYRB","2019","M","$70,875","$73,296","2019-09-13"
"","Lagos Kunga","ATL","2019","M","$70,250","$73,250","2019-09-13"
"","Lagos Kunga","ATL","2019","M","$70,250","$73,250","2019-06-01"
"","Amando Moreno","CHI","2019","M","$70,250","$72,750","2019-09-13"
"","Peter-Lee Vassell","LAFC","2019","M","$70,250","$72,750","2019-09-13"
"","Amando Moreno","CHI","2019","M","$70,250","$72,750","2019-06-01"
"","Peter-Lee Vassell","LAFC","2019","M","$70,250","$72,750","2019-06-01"
"","Tony Rocha","NYC","2019","M","$72,347","$72,347","2019-06-01"
"","Tony Rocha","NYC","2019","M","$72,347","$72,347","2019-09-13"
"","Nicolas Firmino","NER","2019","M","$67,500","$71,167","2019-06-01"
"","Eric Bird","HOU","2019","M","$70,875","$70,875","2019-06-01"
"","Eric Bird","HOU","2019","M","$70,875","$70,875","2019-09-13"
"","Anthony Fontana","PHI","2019","M","$70,260","$70,260","2019-06-01"
"","Corben Bone","CIN","2019","M","$70,250","$70,250","2019-09-13"
"","Servando Carrasco","LAG","2019","M","$70,250","$70,250","2019-09-13"
"","Jimmy McLaughlin","CIN","2019","M","$70,250","$70,250","2019-09-13"
"","Andrés Flores","POR","2019","M","$70,250","$70,250","2019-09-13"
"","Raheem Edwards","CHI","2019","M","$70,250","$70,250","2019-09-13"
"","Ballou Tabla","MTL","2019","M","$70,250","$70,250","2019-09-13"
"","Ryan Telfer","TOR","2019","M","$70,250","$70,250","2019-09-13"
"","Daniel Bedoya","NYC","2019","M","$70,250","$70,250","2019-09-13"
"","Justin Portillo","RSL","2019","M","$70,250","$70,250","2019-09-13"
"","Emil Cuello","LAG","2019","M","$70,250","$70,250","2019-09-13"
"","Nazmi Albadawi","CIN","2019","M","$70,250","$70,250","2019-09-13"
"","Jon Gallagher","ATL","2019","M","$70,250","$70,250","2019-09-13"
"","Renzo Zambrano","POR","2019","M","$70,250","$70,250","2019-09-13"
"","Corben Bone","CIN","2019","M","$70,250","$70,250","2019-06-01"
"","Servando Carrasco","LAG","2019","M","$70,250","$70,250","2019-06-01"
"","Jimmy McLaughlin","CIN","2019","M","$70,250","$70,250","2019-06-01"
"","Andrés Flores","POR","2019","M","$70,250","$70,250","2019-06-01"
"","Raheem Edwards","CHI","2019","M","$70,250","$70,250","2019-06-01"
"","Henry Wingo","SEA","2019","M","$70,250","$70,250","2019-06-01"
"","Ryan Telfer","TOR","2019","M","$70,250","$70,250","2019-06-01"
"","Daniel Bedoya","NYC","2019","M","$70,250","$70,250","2019-06-01"
"","Justin Portillo","RSL","2019","M","$70,250","$70,250","2019-06-01"
"","Emil Cuello","LAG","2019","M","$70,250","$70,250","2019-06-01"
"","Nazmi Albadawi","CIN","2019","M","$70,250","$70,250","2019-06-01"
"","Akeem Ward","DCU","2019","M","$70,250","$70,250","2019-06-01"
"","Jon Gallagher","ATL","2019","M","$70,250","$70,250","2019-06-01"
"","Renzo Zambrano","POR","2019","M","$70,250","$70,250","2019-06-01"
"","Pierre Da Silva","ORL","2019","M","$70,248","$70,248","2019-06-01"
"","Noble Okello","TOR","2019","M","$56,245","$68,060","2019-09-13"
"","Clément Bayiha","MTL","2019","M","$61,750","$67,125","2019-09-13"
"","Clément Bayiha","MTL","2019","M","$61,750","$67,125","2019-06-01"
"","Ben Mines","NYRB","2019","M","$57,229","$63,243","2019-09-13"
"","Ben Mines","NYRB","2019","M","$57,229","$63,243","2019-06-01"
"","Jacob Shaffelburg","TOR","2019","M","$56,250","$62,750","2019-09-13"
"","Ken Krolicki","MTL","2019","M","$59,950","$59,950","2019-09-13"
"","Ken Krolicki","MTL","2019","M","$59,950","$59,950","2019-06-01"
"","David Norman","VAN","2019","M","$57,225","$58,225","2019-06-01"
"","David Norman","VAN","2019","M","$57,225","$58,225","2019-09-13"
"","Luis Argudo","CLB","2019","M","$57,225","$57,225","2019-06-01"
"","Handwalla Bwana","SEA","2019","M","$57,225","$57,225","2019-06-01"
"","Alex Roldan","SEA","2019","M","$57,225","$57,225","2019-06-01"
"","Elliot Collier","CHI","2019","M","$57,225","$57,225","2019-06-01"
"","Aidan Daniels","TOR","2019","M","$57,225","$57,225","2019-06-01"
"","Kevin Partida","SJE","2019","M","$57,225","$57,225","2019-06-01"
"","Luis Argudo","CLB","2019","M","$57,225","$57,225","2019-09-13"
"","Handwalla Bwana","SEA","2019","M","$57,225","$57,225","2019-09-13"
"","Alex Roldan","SEA","2019","M","$57,225","$57,225","2019-09-13"
"","Elliot Collier","CHI","2019","M","$57,225","$57,225","2019-09-13"
"","Aidan Daniels","TOR","2019","M","$57,225","$57,225","2019-09-13"
"","Kevin Partida","SJE","2019","M","$57,225","$57,225","2019-09-13"
"","Dion Pereira","ATL","2019","M","$56,250","$56,250","2019-06-01"
"","Anderson Asiedu","ATL","2019","M","$56,250","$56,250","2019-06-01"
"","DeJuan Jones","NER","2019","M","$56,250","$56,250","2019-06-01"
"","Hassani Dotson","MIN","2019","M","$56,250","$56,250","2019-06-01"
"","Ally Ng'Anzi","MIN","2019","M","$56,250","$56,250","2019-06-01"
"","Javier Pérez","LAFC","2019","M","$56,250","$56,250","2019-06-01"
"","Luis Arriaga","RSL","2019","M","$56,250","$56,250","2019-06-01"
"","Jeremiah Gutjahr","CHI","2019","M","$56,250","$56,250","2019-06-01"
"","Amar Sejdic","MTL","2019","M","$56,250","$56,250","2019-06-01"
"","Michee Ngalina","PHI","2019","M","$56,250","$56,250","2019-06-01"
"","Justin Haak","NYC","2019","M","$56,250","$56,250","2019-06-01"
"","Marvin Loría","POR","2019","M","$56,250","$56,250","2019-06-01"
"","Dion Pereira","ATL","2019","M","$56,250","$56,250","2019-09-13"
"","DeJuan Jones","NER","2019","M","$56,250","$56,250","2019-09-13"
"","Hassani Dotson","MIN","2019","M","$56,250","$56,250","2019-09-13"
"","Ally Ng'Anzi","MIN","2019","M","$56,250","$56,250","2019-09-13"
"","Javier Pérez","LAFC","2019","M","$56,250","$56,250","2019-09-13"
"","Luis Arriaga","RSL","2019","M","$56,250","$56,250","2019-09-13"
"","Jeremiah Gutjahr","CHI","2019","M","$56,250","$56,250","2019-09-13"
"","Amar Sejdic","MTL","2019","M","$56,250","$56,250","2019-09-13"
"","Michee Ngalina","PHI","2019","M","$56,250","$56,250","2019-09-13"
"","Justin Haak","NYC","2019","M","$56,250","$56,250","2019-09-13"
"","Marvin Loría","POR","2019","M","$56,250","$56,250","2019-09-13"
"","Chris Cadden","CLB","2019","M","$56,250","$56,250","2019-09-13"
"","Felipe Hernandez","SKC","2019","M","$56,250","$56,250","2019-09-13"